name;image;landmass;zone;area;population;language;religion;bars;stripes;colours;red ;green;blue;gold;white;black;orange ;mainhue;circles;crosses;saltires;quarters;sunstars;crescent;triangle;icon;animate;text;topleft;botright
Aruba;https://upload.wikimedia.org/wikipedia/commons/f/f6/Flag_of_Aruba.svg;5;1;648;16;10;2;0;3;5;1;1;0;1;1;1;0;green;0;0;0;0;1;0;0;1;0;0;black;green
Aland;https://upload.wikimedia.org/wikipedia/commons/5/52/Flag_of_%C3%85land.svg;5;1;648;16;10;2;0;3;5;1;1;0;1;1;1;0;green;0;0;0;0;1;0;0;1;0;0;black;green
Armenia;https://upload.wikimedia.org/wikipedia/commons/2/2f/Flag_of_Armenia.svg;5;1;648;16;10;2;0;3;5;1;1;0;1;1;1;0;green;0;0;0;0;1;0;0;1;0;0;black;green
Antarctica;https://commons.wikimedia.org/wiki/Category:SVG_flags_of_Antarctica#/media/File:Nuvola_Antarctica_flag.svg;5;1;648;16;10;2;0;3;5;1;1;0;1;1;1;0;green;0;0;0;0;1;0;0;1;0;0;black;green
Afghanistan;https://upload.wikimedia.org/wikipedia/commons/c/cd/Flag_of_Afghanistan_%282013%E2%80%932021%29.svg;5;1;648;16;10;2;0;3;5;1;1;0;1;1;1;0;green;0;0;0;0;1;0;0;1;0;0;black;green
Albania;https://upload.wikimedia.org/wikipedia/commons/3/36/Flag_of_Albania.svg;3;1;29;3;6;6;0;0;3;1;0;0;1;0;1;0;red;0;0;0;0;1;0;0;0;1;0;red;red
Algeria;https://upload.wikimedia.org/wikipedia/commons/7/77/Flag_of_Algeria.svg;4;1;2388;20;8;2;2;0;3;1;1;0;0;1;0;0;green;0;0;0;0;1;1;0;0;0;0;green;white
American Samoa;https://upload.wikimedia.org/wikipedia/commons/8/87/Flag_of_American_Samoa.svg;6;3;0;0;1;1;0;0;5;1;0;1;1;1;0;1;blue;0;0;0;0;0;0;1;1;1;0;blue;red
Andorra;https://upload.wikimedia.org/wikipedia/commons/1/19/Flag_of_Andorra.svg;3;1;0;0;6;0;3;0;3;1;0;1;1;0;0;0;gold;0;0;0;0;0;0;0;0;0;0;blue;red
Angola;https://upload.wikimedia.org/wikipedia/commons/9/9d/Flag_of_Angola.svg;4;2;1247;7;10;5;0;2;3;1;0;0;1;0;1;0;red;0;0;0;0;1;0;0;1;0;0;red;black
Anguilla;https://upload.wikimedia.org/wikipedia/commons/b/b4/Flag_of_Anguilla.svg;1;4;0;0;1;1;0;1;3;0;0;1;0;1;0;1;white;0;0;0;0;0;0;0;0;1;0;white;blue
Antigua-Barbuda;https://upload.wikimedia.org/wikipedia/commons/8/89/Flag_of_Antigua_and_Barbuda.svg;1;4;0;0;1;1;0;1;5;1;0;1;1;1;1;0;red;0;0;0;0;1;0;1;0;0;0;black;red
Argentina;https://upload.wikimedia.org/wikipedia/commons/1/1a/Flag_of_Argentina.svg;2;3;2777;28;2;0;0;3;2;0;0;1;0;1;0;0;blue;0;0;0;0;0;0;0;0;0;0;blue;blue
Australia;https://upload.wikimedia.org/wikipedia/commons/8/88/Flag_of_Australia_%28converted%29.svg;6;2;7690;15;1;1;0;0;3;1;0;1;0;1;0;0;blue;0;1;1;1;6;0;0;0;0;0;white;blue
Austria;https://upload.wikimedia.org/wikipedia/commons/4/41/Flag_of_Austria.svg;3;1;84;8;4;0;0;3;2;1;0;0;0;1;0;0;red;0;0;0;0;0;0;0;0;0;0;red;red
Bahamas;https://upload.wikimedia.org/wikipedia/commons/9/93/Flag_of_the_Bahamas.svg;1;4;19;0;1;1;0;3;3;0;0;1;1;0;1;0;blue;0;0;0;0;0;0;1;0;0;0;blue;blue
Bahrain;https://upload.wikimedia.org/wikipedia/commons/2/2c/Flag_of_Bahrain.svg;5;1;1;0;8;2;0;0;2;1;0;0;0;1;0;0;red;0;0;0;0;0;0;0;0;0;0;white;red
Bangladesh;https://upload.wikimedia.org/wikipedia/commons/f/f9/Flag_of_Bangladesh.svg;5;1;143;90;6;2;0;0;2;1;1;0;0;0;0;0;green;1;0;0;0;0;0;0;0;0;0;green;green
Barbados;https://upload.wikimedia.org/wikipedia/commons/e/ef/Flag_of_Barbados.svg;1;4;0;0;1;1;3;0;3;0;0;1;1;0;1;0;blue;0;0;0;0;0;0;0;1;0;0;blue;blue
Belgium;https://upload.wikimedia.org/wikipedia/commons/6/65/Flag_of_Belgium.svg;3;1;31;10;6;0;3;0;3;1;0;0;1;0;1;0;gold;0;0;0;0;0;0;0;0;0;0;black;red
Belize;https://upload.wikimedia.org/wikipedia/commons/e/e7/Flag_of_Belize.svg;1;4;23;0;1;1;0;2;8;1;1;1;1;1;1;1;blue;1;0;0;0;0;0;0;1;1;1;red;red
Benin;https://upload.wikimedia.org/wikipedia/commons/0/0a/Flag_of_Benin.svg;4;1;113;3;3;5;0;0;2;1;1;0;0;0;0;0;green;0;0;0;0;1;0;0;0;0;0;green;green
Bermuda;https://upload.wikimedia.org/wikipedia/commons/b/bf/Flag_of_Bermuda.svg;1;4;0;0;1;1;0;0;6;1;1;1;1;1;1;0;red;1;1;1;1;0;0;0;1;1;0;white;red
Bhutan;https://upload.wikimedia.org/wikipedia/commons/9/91/Flag_of_Bhutan.svg;5;1;47;1;10;3;0;0;4;1;0;0;0;1;1;1;orange;4;0;0;0;0;0;0;0;1;0;orange;red
Bolivia;https://upload.wikimedia.org/wikipedia/commons/d/de/Flag_of_Bolivia_%28state%29.svg;2;3;1099;6;2;0;0;3;3;1;1;0;1;0;0;0;red;0;0;0;0;0;0;0;0;0;0;red;green
Botswana;https://upload.wikimedia.org/wikipedia/commons/f/fa/Flag_of_Botswana.svg;4;2;600;1;10;5;0;5;3;0;0;1;0;1;1;0;blue;0;0;0;0;0;0;0;0;0;0;blue;blue
Brazil;https://upload.wikimedia.org/wikipedia/en/0/05/Flag_of_Brazil.svg;2;3;8512;119;6;0;0;0;4;0;1;1;1;1;0;0;green;1;0;0;0;22;0;0;0;0;1;green;green
British-Virgin-Isles;https://upload.wikimedia.org/wikipedia/commons/4/42/Flag_of_the_British_Virgin_Islands.svg;1;4;0;0;1;1;0;0;6;1;1;1;1;1;0;1;blue;0;1;1;1;0;0;0;1;1;1;white;blue
Brunei;https://upload.wikimedia.org/wikipedia/commons/9/9c/Flag_of_Brunei.svg;5;1;6;0;10;2;0;0;4;1;0;0;1;1;1;0;gold;0;0;0;0;0;0;1;1;1;1;white;gold
Bulgaria;https://upload.wikimedia.org/wikipedia/commons/9/9a/Flag_of_Bulgaria.svg;3;1;111;9;5;6;0;3;5;1;1;1;1;1;0;0;red;0;0;0;0;1;0;0;1;1;0;white;red
Burkina;https://upload.wikimedia.org/wikipedia/commons/3/31/Flag_of_Burkina_Faso.svg;4;4;274;7;3;5;0;2;3;1;1;0;1;0;0;0;red;0;0;0;0;1;0;0;0;0;0;red;green
Burma;https://upload.wikimedia.org/wikipedia/commons/8/8c/Flag_of_Myanmar.svg;5;1;678;35;10;3;0;0;3;1;0;1;0;1;0;0;red;0;0;0;1;14;0;0;1;1;0;blue;red
Burundi;https://upload.wikimedia.org/wikipedia/commons/5/50/Flag_of_Burundi.svg;4;2;28;4;10;5;0;0;3;1;1;0;0;1;0;0;red;1;0;1;0;3;0;0;0;0;0;white;white
Cameroon;https://upload.wikimedia.org/wikipedia/commons/4/4f/Flag_of_Cameroon.svg;4;1;474;8;3;1;3;0;3;1;1;0;1;0;0;0;gold;0;0;0;0;1;0;0;0;0;0;green;gold
Canada;https://upload.wikimedia.org/wikipedia/commons/d/d9/Flag_of_Canada_%28Pantone%29.svg;1;4;9976;24;1;1;2;0;2;1;0;0;0;1;0;0;red;0;0;0;0;0;0;0;0;1;0;red;red
Cape-Verde-Islands;https://upload.wikimedia.org/wikipedia/commons/3/38/Flag_of_Cape_Verde.svg;4;4;4;0;6;0;1;2;5;1;1;0;1;0;1;1;gold;0;0;0;0;1;0;0;0;1;0;red;green
Cayman-Islands;https://upload.wikimedia.org/wikipedia/commons/0/0f/Flag_of_the_Cayman_Islands.svg;1;4;0;0;1;1;0;0;6;1;1;1;1;1;0;1;blue;1;1;1;1;4;0;0;1;1;1;white;blue
Central-African-Republic;https://upload.wikimedia.org/wikipedia/commons/6/6f/Flag_of_the_Central_African_Republic.svg;4;1;623;2;10;5;1;0;5;1;1;1;1;1;0;0;gold;0;0;0;0;1;0;0;0;0;0;blue;gold
Chad;https://upload.wikimedia.org/wikipedia/commons/4/4b/Flag_of_Chad.svg;4;1;1284;4;3;5;3;0;3;1;0;1;1;0;0;0;gold;0;0;0;0;0;0;0;0;0;0;blue;red
Chile;https://upload.wikimedia.org/wikipedia/commons/7/78/Flag_of_Chile.svg;2;3;757;11;2;0;0;2;3;1;0;1;0;1;0;0;red;0;0;0;1;1;0;0;0;0;0;blue;red
China;https://upload.wikimedia.org/wikipedia/commons/f/fa/Flag_of_the_People%27s_Republic_of_China.svg;5;1;9561;1008;7;6;0;0;2;1;0;0;1;0;0;0;red;0;0;0;0;5;0;0;0;0;0;red;red
Colombia;https://upload.wikimedia.org/wikipedia/commons/2/21/Flag_of_Colombia.svg;2;4;1139;28;2;0;0;3;3;1;0;1;1;0;0;0;gold;0;0;0;0;0;0;0;0;0;0;gold;red
Comorro-Islands;https://upload.wikimedia.org/wikipedia/commons/9/94/Flag_of_the_Comoros.svg;4;2;2;0;3;2;0;0;2;0;1;0;0;1;0;0;green;0;0;0;0;4;1;0;0;0;0;green;green
Congo;https://upload.wikimedia.org/wikipedia/commons/6/6f/Flag_of_the_Democratic_Republic_of_the_Congo.svg;4;2;342;2;10;5;0;0;3;1;1;0;1;0;0;0;red;0;0;0;0;1;0;0;1;1;0;red;red
Cook-Islands;https://upload.wikimedia.org/wikipedia/commons/3/35/Flag_of_the_Cook_Islands.svg;6;3;0;0;1;1;0;0;4;1;0;1;0;1;0;0;blue;1;1;1;1;15;0;0;0;0;0;white;blue
Costa-Rica;https://upload.wikimedia.org/wikipedia/commons/b/bc/Flag_of_Costa_Rica_%28state%29.svg;1;4;51;2;2;0;0;5;3;1;0;1;0;1;0;0;blue;0;0;0;0;0;0;0;0;0;0;blue;blue
Cuba;https://upload.wikimedia.org/wikipedia/commons/b/bd/Flag_of_Cuba.svg;1;4;115;10;2;6;0;5;3;1;0;1;0;1;0;0;blue;0;0;0;0;1;0;1;0;0;0;blue;blue
Cyprus;https://upload.wikimedia.org/wikipedia/commons/d/d4/Flag_of_Cyprus.svg;3;1;9;1;6;1;0;0;3;0;1;0;1;1;0;0;white;0;0;0;0;0;0;0;1;1;0;white;white
Czechoslovakia;https://upload.wikimedia.org/wikipedia/commons/c/cb/Flag_of_the_Czech_Republic.svg;3;1;128;15;5;6;0;0;3;1;0;1;0;1;0;0;white;0;0;0;0;0;0;1;0;0;0;white;red
Denmark;https://upload.wikimedia.org/wikipedia/commons/9/9c/Flag_of_Denmark.svg;3;1;43;5;6;1;0;0;2;1;0;0;0;1;0;0;red;0;1;0;0;0;0;0;0;0;0;red;red
Djibouti;https://upload.wikimedia.org/wikipedia/commons/3/34/Flag_of_Djibouti.svg;4;1;22;0;3;2;0;0;4;1;1;1;0;1;0;0;blue;0;0;0;0;1;0;1;0;0;0;white;green
Dominica;https://upload.wikimedia.org/wikipedia/commons/c/c4/Flag_of_Dominica.svg;1;4;0;0;1;1;0;0;6;1;1;1;1;1;1;0;green;1;0;0;0;10;0;0;0;1;0;green;green
Dominican-Republic;https://upload.wikimedia.org/wikipedia/commons/9/9f/Flag_of_the_Dominican_Republic.svg;1;4;49;6;2;0;0;0;3;1;0;1;0;1;0;0;blue;0;1;0;0;0;0;0;0;0;0;blue;blue
Ecuador;https://upload.wikimedia.org/wikipedia/commons/e/e8/Flag_of_Ecuador.svg;2;3;284;8;2;0;0;3;3;1;0;1;1;0;0;0;gold;0;0;0;0;0;0;0;0;0;0;gold;red
Egypt;https://upload.wikimedia.org/wikipedia/commons/f/fe/Flag_of_Egypt.svg;4;1;1001;47;8;2;0;3;4;1;0;0;1;1;1;0;black;0;0;0;0;0;0;0;0;1;1;red;black
El-Salvador;https://upload.wikimedia.org/wikipedia/commons/3/34/Flag_of_El_Salvador.svg;1;4;21;5;2;0;0;3;2;0;0;1;0;1;0;0;blue;0;0;0;0;0;0;0;0;0;0;blue;blue
Equatorial-Guinea;https://upload.wikimedia.org/wikipedia/commons/3/31/Flag_of_Equatorial_Guinea.svg;4;1;28;0;10;5;0;3;4;1;1;1;0;1;0;0;green;0;0;0;0;0;0;1;0;0;0;green;red
Ethiopia;https://upload.wikimedia.org/wikipedia/commons/7/71/Flag_of_Ethiopia.svg;4;1;1222;31;10;1;0;3;3;1;1;0;1;0;0;0;green;0;0;0;0;0;0;0;0;0;0;green;red
Faeroes;https://upload.wikimedia.org/wikipedia/commons/3/3c/Flag_of_the_Faroe_Islands.svg;3;4;1;0;6;1;0;0;3;1;0;1;0;1;0;0;white;0;1;0;0;0;0;0;0;0;0;white;white
Falklands-Malvinas;https://upload.wikimedia.org/wikipedia/commons/8/83/Flag_of_the_Falkland_Islands.svg;2;3;12;0;1;1;0;0;6;1;1;1;1;1;0;0;blue;1;1;1;1;0;0;0;1;1;1;white;blue
Fiji;https://upload.wikimedia.org/wikipedia/commons/b/ba/Flag_of_Fiji.svg;6;2;18;1;1;1;0;0;7;1;1;1;1;1;0;1;blue;0;2;1;1;0;0;0;1;1;0;white;blue
Finland;https://upload.wikimedia.org/wikipedia/commons/b/bc/Flag_of_Finland.svg;3;1;337;5;9;1;0;0;2;0;0;1;0;1;0;0;white;0;1;0;0;0;0;0;0;0;0;white;white
France;https://upload.wikimedia.org/wikipedia/en/c/c3/Flag_of_France.svg;3;1;547;54;3;0;3;0;3;1;0;1;0;1;0;0;white;0;0;0;0;0;0;0;0;0;0;blue;red
French-Guiana;https://upload.wikimedia.org/wikipedia/en/c/c3/Flag_of_France.svg;2;4;91;0;3;0;3;0;3;1;0;1;0;1;0;0;white;0;0;0;0;0;0;0;0;0;0;blue;red
French-Polynesia;https://upload.wikimedia.org/wikipedia/commons/d/db/Flag_of_French_Polynesia.svg;6;3;4;0;3;0;0;3;5;1;0;1;1;1;1;0;red;1;0;0;0;1;0;0;1;0;0;red;red
Gabon;https://upload.wikimedia.org/wikipedia/commons/0/04/Flag_of_Gabon.svg;4;2;268;1;10;5;0;3;3;0;1;1;1;0;0;0;green;0;0;0;0;0;0;0;0;0;0;green;blue
Gambia;https://en.wikipedia.org/wiki/File:Flag_of_The_Gambia.svg;4;4;10;1;1;5;0;5;4;1;1;1;0;1;0;0;red;0;0;0;0;0;0;0;0;0;0;red;green
Germany-DDR;https://upload.wikimedia.org/wikipedia/commons/a/a1/Flag_of_East_Germany.svg;3;1;108;17;4;6;0;3;3;1;0;0;1;0;1;0;gold;0;0;0;0;0;0;0;1;0;0;black;gold
Germany-FRG;https://upload.wikimedia.org/wikipedia/en/b/ba/Flag_of_Germany.svg;3;1;249;61;4;1;0;3;3;1;0;0;1;0;1;0;black;0;0;0;0;0;0;0;0;0;0;black;gold
Ghana;https://upload.wikimedia.org/wikipedia/commons/1/19/Flag_of_Ghana.svg;4;4;239;14;1;5;0;3;4;1;1;0;1;0;1;0;red;0;0;0;0;1;0;0;0;0;0;red;green
Gibraltar;https://upload.wikimedia.org/wikipedia/commons/0/02/Flag_of_Gibraltar.svg;3;4;0;0;1;1;0;1;3;1;0;0;1;1;0;0;white;0;0;0;0;0;0;0;1;0;0;white;red
Greece;https://upload.wikimedia.org/wikipedia/commons/5/5c/Flag_of_Greece.svg;3;1;132;10;6;1;0;9;2;0;0;1;0;1;0;0;blue;0;1;0;1;0;0;0;0;0;0;blue;blue
Greenland;https://upload.wikimedia.org/wikipedia/commons/0/09/Flag_of_Greenland.svg;1;4;2176;0;6;1;0;0;2;1;0;0;0;1;0;0;white;1;0;0;0;0;0;0;0;0;0;white;red
Grenada;https://upload.wikimedia.org/wikipedia/commons/b/bc/Flag_of_Grenada.svg;1;4;0;0;1;1;0;0;3;1;1;0;1;0;0;0;gold;1;0;0;0;7;0;1;0;1;0;red;red
Guam;https://upload.wikimedia.org/wikipedia/commons/0/07/Flag_of_Guam.svg;6;1;0;0;1;1;0;0;7;1;1;1;1;1;0;1;blue;0;0;0;0;0;0;0;1;1;1;red;red
Guatemala;https://upload.wikimedia.org/wikipedia/commons/e/ec/Flag_of_Guatemala.svg;1;4;109;8;2;0;3;0;2;0;0;1;0;1;0;0;blue;0;0;0;0;0;0;0;0;0;0;blue;blue
Guinea;https://upload.wikimedia.org/wikipedia/commons/e/ed/Flag_of_Guinea.svg;4;4;246;6;3;2;3;0;3;1;1;0;1;0;0;0;gold;0;0;0;0;0;0;0;0;0;0;red;green
Guinea-Bissau;https://upload.wikimedia.org/wikipedia/commons/0/01/Flag_of_Guinea-Bissau.svg;4;4;36;1;6;5;1;2;4;1;1;0;1;0;1;0;gold;0;0;0;0;1;0;0;0;0;0;red;green
Guyana;https://upload.wikimedia.org/wikipedia/commons/9/99/Flag_of_Guyana.svg;2;4;215;1;1;4;0;0;5;1;1;0;1;1;1;0;green;0;0;0;0;0;0;1;0;0;0;black;green
Haiti;https://upload.wikimedia.org/wikipedia/commons/5/56/Flag_of_Haiti.svg;1;4;28;6;3;0;2;0;2;1;0;0;0;0;1;0;black;0;0;0;0;0;0;0;0;0;0;black;red
Honduras;https://upload.wikimedia.org/wikipedia/commons/8/82/Flag_of_Honduras.svg;1;4;112;4;2;0;0;3;2;0;0;1;0;1;0;0;blue;0;0;0;0;5;0;0;0;0;0;blue;blue
Hong Kong S.A.R.;https://upload.wikimedia.org/wikipedia/commons/5/5b/Flag_of_Hong_Kong.svg;5;1;1;5;7;3;0;0;6;1;1;1;1;1;0;1;blue;1;1;1;1;0;0;0;1;1;1;white;blue
Hungary;https://upload.wikimedia.org/wikipedia/commons/c/c1/Flag_of_Hungary.svg;3;1;93;11;9;6;0;3;3;1;1;0;0;1;0;0;red;0;0;0;0;0;0;0;0;0;0;red;green
Iceland;https://upload.wikimedia.org/wikipedia/commons/c/ce/Flag_of_Iceland.svg;3;4;103;0;6;1;0;0;3;1;0;1;0;1;0;0;blue;0;1;0;0;0;0;0;0;0;0;blue;blue
India;https://upload.wikimedia.org/wikipedia/commons/4/41/Flag_of_India.svg;5;1;3268;684;6;4;0;3;4;0;1;1;0;1;0;1;orange;1;0;0;0;0;0;0;1;0;0;orange;green
Indonesia;https://upload.wikimedia.org/wikipedia/commons/9/9f/Flag_of_Indonesia.svg;6;2;1904;157;10;2;0;2;2;1;0;0;0;1;0;0;red;0;0;0;0;0;0;0;0;0;0;red;white
Iran;https://upload.wikimedia.org/wikipedia/commons/c/ca/Flag_of_Iran.svg;5;1;1648;39;6;2;0;3;3;1;1;0;0;1;0;0;red;0;0;0;0;0;0;0;1;0;1;green;red
Iraq;https://upload.wikimedia.org/wikipedia/commons/f/f6/Flag_of_Iraq.svg;5;1;435;14;8;2;0;3;4;1;1;0;0;1;1;0;red;0;0;0;0;3;0;0;0;0;0;red;black
Ireland;https://upload.wikimedia.org/wikipedia/commons/4/45/Flag_of_Ireland.svg;3;4;70;3;1;0;3;0;3;0;1;0;0;1;0;1;white;0;0;0;0;0;0;0;0;0;0;green;orange
Israel;https://upload.wikimedia.org/wikipedia/commons/d/d4/Flag_of_Israel.svg;5;1;21;4;10;7;0;2;2;0;0;1;0;1;0;0;white;0;0;0;0;1;0;0;0;0;0;blue;blue
Italy;https://upload.wikimedia.org/wikipedia/commons/0/03/Flag_of_Italy.svg;3;1;301;57;6;0;3;0;3;1;1;0;0;1;0;0;white;0;0;0;0;0;0;0;0;0;0;green;red
Ivory Coast;https://upload.wikimedia.org/wikipedia/commons/f/fe/Flag_of_C%C3%B4te_d%27Ivoire.svg;4;4;323;7;3;5;3;0;3;1;1;0;0;1;0;0;white;0;0;0;0;0;0;0;0;0;0;red;green
Jamaica;https://upload.wikimedia.org/wikipedia/commons/0/0a/Flag_of_Jamaica.svg;1;4;11;2;1;1;0;0;3;0;1;0;1;0;1;0;green;0;0;1;0;0;0;1;0;0;0;gold;gold
Japan;https://upload.wikimedia.org/wikipedia/commons/9/9e/Flag_of_Japan.svg;5;1;372;118;9;7;0;0;2;1;0;0;0;1;0;0;white;1;0;0;0;1;0;0;0;0;0;white;white
Jordan;https://upload.wikimedia.org/wikipedia/commons/c/c0/Flag_of_Jordan.svg;5;1;98;2;8;2;0;3;4;1;1;0;0;1;1;0;black;0;0;0;0;1;0;1;0;0;0;black;green
Kampuchea;;5;1;181;6;10;3;0;0;2;1;0;0;1;0;0;0;red;0;0;0;0;0;0;0;1;0;0;red;red
Kenya;https://upload.wikimedia.org/wikipedia/commons/4/49/Flag_of_Kenya.svg;4;1;583;17;10;5;0;5;4;1;1;0;0;1;1;0;red;1;0;0;0;0;0;0;1;0;0;black;green
Kiribati;https://upload.wikimedia.org/wikipedia/commons/d/d3/Flag_of_Kiribati.svg;6;1;0;0;1;1;0;0;4;1;0;1;1;1;0;0;red;0;0;0;0;1;0;0;1;1;0;red;blue
Kuwait;https://upload.wikimedia.org/wikipedia/commons/a/aa/Flag_of_Kuwait.svg;5;1;18;2;8;2;0;3;4;1;1;0;0;1;1;0;green;0;0;0;0;0;0;0;0;0;0;green;red
Laos;https://upload.wikimedia.org/wikipedia/commons/5/56/Flag_of_Laos.svg;5;1;236;3;10;6;0;3;3;1;0;1;0;1;0;0;red;1;0;0;0;0;0;0;0;0;0;red;red
Lebanon;https://upload.wikimedia.org/wikipedia/commons/5/59/Flag_of_Lebanon.svg;5;1;10;3;8;2;0;2;4;1;1;0;0;1;0;1;red;0;0;0;0;0;0;0;0;1;0;red;red
Lesotho;https://upload.wikimedia.org/wikipedia/commons/4/4a/Flag_of_Lesotho.svg;4;2;30;1;10;5;2;0;4;1;1;1;0;1;0;0;blue;0;0;0;0;0;0;0;1;0;0;green;blue
Liberia;https://upload.wikimedia.org/wikipedia/commons/b/b8/Flag_of_Liberia.svg;4;4;111;1;10;5;0;11;3;1;0;1;0;1;0;0;red;0;0;0;1;1;0;0;0;0;0;blue;red
Libya;https://upload.wikimedia.org/wikipedia/commons/0/05/Flag_of_Libya.svg;4;1;1760;3;8;2;0;0;1;0;1;0;0;0;0;0;green;0;0;0;0;0;0;0;0;0;0;green;green
Liechtenstein;https://upload.wikimedia.org/wikipedia/commons/4/47/Flag_of_Liechtenstein.svg;3;1;0;0;4;0;0;2;3;1;0;1;1;0;0;0;red;0;0;0;0;0;0;0;1;0;0;blue;red
Luxembourg;https://upload.wikimedia.org/wikipedia/commons/d/da/Flag_of_Luxembourg.svg;3;1;3;0;4;0;0;3;3;1;0;1;0;1;0;0;red;0;0;0;0;0;0;0;0;0;0;red;blue
Malagasy;;4;2;587;9;10;1;1;2;3;1;1;0;0;1;0;0;red;0;0;0;0;0;0;0;0;0;0;white;green
Malawi;https://upload.wikimedia.org/wikipedia/commons/d/d1/Flag_of_Malawi.svg;4;2;118;6;10;5;0;3;3;1;1;0;0;0;1;0;red;0;0;0;0;1;0;0;0;0;0;black;green
Malaysia;https://upload.wikimedia.org/wikipedia/commons/6/66/Flag_of_Malaysia.svg;5;1;333;13;10;2;0;14;4;1;0;1;1;1;0;0;red;0;0;0;1;1;1;0;0;0;0;blue;white
Maldives;https://upload.wikimedia.org/wikipedia/commons/0/0f/Flag_of_Maldives.svg;5;1;0;0;10;2;0;0;3;1;1;0;0;1;0;0;red;0;0;0;0;0;1;0;0;0;0;red;red
Mali;https://upload.wikimedia.org/wikipedia/commons/9/92/Flag_of_Mali.svg;4;4;1240;7;3;2;3;0;3;1;1;0;1;0;0;0;gold;0;0;0;0;0;0;0;0;0;0;green;red
Malta;https://upload.wikimedia.org/wikipedia/commons/7/73/Flag_of_Malta.svg;3;1;0;0;10;0;2;0;3;1;0;0;0;1;1;0;red;0;1;0;0;0;0;0;1;0;0;white;red
Marianas;https://upload.wikimedia.org/wikipedia/commons/e/e0/Flag_of_the_Northern_Mariana_Islands.svg;6;1;0;0;10;1;0;0;3;0;0;1;0;1;0;0;blue;0;0;0;0;1;0;0;1;0;0;blue;blue
Mauritania;https://upload.wikimedia.org/wikipedia/commons/4/43/Flag_of_Mauritania.svg;4;4;1031;2;8;2;0;0;2;0;1;0;1;0;0;0;green;0;0;0;0;1;1;0;0;0;0;green;green
Mauritius;https://upload.wikimedia.org/wikipedia/commons/7/77/Flag_of_Mauritius.svg;4;2;2;1;1;4;0;4;4;1;1;1;1;0;0;0;red;0;0;0;0;0;0;0;0;0;0;red;green
Mexico;https://upload.wikimedia.org/wikipedia/commons/f/fc/Flag_of_Mexico.svg;1;4;1973;77;2;0;3;0;4;1;1;0;0;1;0;1;green;0;0;0;0;0;0;0;0;1;0;green;red
Micronesia;https://upload.wikimedia.org/wikipedia/commons/e/e4/Flag_of_the_Federated_States_of_Micronesia.svg;6;1;1;0;10;1;0;0;2;0;0;1;0;1;0;0;blue;0;0;0;0;4;0;0;0;0;0;blue;blue
Monaco;https://upload.wikimedia.org/wikipedia/commons/e/ea/Flag_of_Monaco.svg;3;1;0;0;3;0;0;2;2;1;0;0;0;1;0;0;red;0;0;0;0;0;0;0;0;0;0;red;white
Mongolia;https://upload.wikimedia.org/wikipedia/commons/4/4c/Flag_of_Mongolia.svg;5;1;1566;2;10;6;3;0;3;1;0;1;1;0;0;0;red;2;0;0;0;1;1;1;1;0;0;red;red
Montserrat;https://upload.wikimedia.org/wikipedia/commons/d/d0/Flag_of_Montserrat.svg;1;4;0;0;1;1;0;0;7;1;1;1;1;1;1;0;blue;0;2;1;1;0;0;0;1;1;0;white;blue
Morocco;https://upload.wikimedia.org/wikipedia/commons/2/2c/Flag_of_Morocco.svg;4;4;447;20;8;2;0;0;2;1;1;0;0;0;0;0;red;0;0;0;0;1;0;0;0;0;0;red;red
Mozambique;https://upload.wikimedia.org/wikipedia/commons/d/d0/Flag_of_Mozambique.svg;4;2;783;12;10;5;0;5;5;1;1;0;1;1;1;0;gold;0;0;0;0;1;0;1;1;0;0;green;gold
Nauru;https://upload.wikimedia.org/wikipedia/commons/3/30/Flag_of_Nauru.svg;6;2;0;0;10;1;0;3;3;0;0;1;1;1;0;0;blue;0;0;0;0;1;0;0;0;0;0;blue;blue
Nepal;https://upload.wikimedia.org/wikipedia/commons/9/9b/Flag_of_Nepal.svg;5;1;140;16;10;4;0;0;3;0;0;1;0;1;0;1;brown;0;0;0;0;2;1;0;0;0;0;blue;blue
Netherlands;https://upload.wikimedia.org/wikipedia/commons/2/20/Flag_of_the_Netherlands.svg;3;1;41;14;6;1;0;3;3;1;0;1;0;1;0;0;red;0;0;0;0;0;0;0;0;0;0;red;blue
New Zealand;https://upload.wikimedia.org/wikipedia/commons/3/3e/Flag_of_New_Zealand.svg;6;2;268;2;1;1;0;0;3;1;0;1;0;1;0;0;blue;0;1;1;1;4;0;0;0;0;0;white;blue
Nicaragua;https://upload.wikimedia.org/wikipedia/commons/1/19/Flag_of_Nicaragua.svg;1;4;128;3;2;0;0;3;2;0;0;1;0;1;0;0;blue;0;0;0;0;0;0;0;0;0;0;blue;blue
Niger;https://upload.wikimedia.org/wikipedia/commons/f/f4/Flag_of_Niger.svg;4;1;1267;5;3;2;0;3;3;0;1;0;0;1;0;1;orange;1;0;0;0;0;0;0;0;0;0;orange;green
Nigeria;https://upload.wikimedia.org/wikipedia/commons/7/79/Flag_of_Nigeria.svg;4;1;925;56;10;2;3;0;2;0;1;0;0;1;0;0;green;0;0;0;0;0;0;0;0;0;0;green;green
Niue;https://upload.wikimedia.org/wikipedia/commons/0/01/Flag_of_Niue.svg;6;3;0;0;1;1;0;0;4;1;0;1;1;1;0;0;gold;1;1;1;1;5;0;0;0;0;0;white;gold
North Korea;https://upload.wikimedia.org/wikipedia/commons/5/51/Flag_of_North_Korea.svg;5;1;121;18;10;6;0;5;3;1;0;1;0;1;0;0;blue;1;0;0;0;1;0;0;0;0;0;blue;blue
Yemen;https://upload.wikimedia.org/wikipedia/commons/8/89/Flag_of_Yemen.svg;5;1;195;9;8;2;0;3;4;1;1;0;0;1;1;0;red;0;0;0;0;1;0;0;0;0;0;red;black
Norway;https://upload.wikimedia.org/wikipedia/commons/d/d9/Flag_of_Norway.svg;3;1;324;4;6;1;0;0;3;1;0;1;0;1;0;0;red;0;1;0;0;0;0;0;0;0;0;red;red
Oman;https://upload.wikimedia.org/wikipedia/commons/d/dd/Flag_of_Oman.svg;5;1;212;1;8;2;0;2;3;1;1;0;0;1;0;0;red;0;0;0;0;0;0;0;1;0;0;red;green
Pakistan;https://upload.wikimedia.org/wikipedia/commons/3/32/Flag_of_Pakistan.svg;5;1;804;84;6;2;1;0;2;0;1;0;0;1;0;0;green;0;0;0;0;1;1;0;0;0;0;white;green
Panama;https://upload.wikimedia.org/wikipedia/commons/a/ab/Flag_of_Panama.svg;2;4;76;2;2;0;0;0;3;1;0;1;0;1;0;0;red;0;0;0;4;2;0;0;0;0;0;white;white
Papua New Guinea;https://upload.wikimedia.org/wikipedia/commons/e/e3/Flag_of_Papua_New_Guinea.svg;6;2;463;3;1;5;0;0;4;1;0;0;1;1;1;0;black;0;0;0;0;5;0;1;0;1;0;red;black
Parguay;https://upload.wikimedia.org/wikipedia/commons/2/27/Flag_of_Paraguay.svg;2;3;407;3;2;0;0;3;6;1;1;1;1;1;1;0;red;1;0;0;0;1;0;0;1;1;1;red;blue
Peru;https://upload.wikimedia.org/wikipedia/commons/c/cf/Flag_of_Peru.svg;2;3;1285;14;2;0;3;0;2;1;0;0;0;1;0;0;red;0;0;0;0;0;0;0;0;0;0;red;red
Philippines;https://upload.wikimedia.org/wikipedia/commons/9/99/Flag_of_the_Philippines.svg;6;1;300;48;10;0;0;0;4;1;0;1;1;1;0;0;blue;0;0;0;0;4;0;1;0;0;0;blue;red
Poland;https://upload.wikimedia.org/wikipedia/commons/1/12/Flag_of_Poland.svg;3;1;313;36;5;6;0;2;2;1;0;0;0;1;0;0;white;0;0;0;0;0;0;0;0;0;0;white;red
Portugal;https://upload.wikimedia.org/wikipedia/commons/5/5c/Flag_of_Portugal.svg;3;4;92;10;6;0;0;0;5;1;1;1;1;1;0;0;red;1;0;0;0;0;0;0;1;0;0;green;red
Puerto Rico;https://upload.wikimedia.org/wikipedia/commons/2/28/Flag_of_Puerto_Rico.svg;1;4;9;3;2;0;0;5;3;1;0;1;0;1;0;0;red;0;0;0;0;1;0;1;0;0;0;red;red
Qatar;https://upload.wikimedia.org/wikipedia/commons/6/65/Flag_of_Qatar.svg;5;1;11;0;8;2;0;0;2;0;0;0;0;1;0;1;brown;0;0;0;0;0;0;0;0;0;0;white;brown
Romania;https://upload.wikimedia.org/wikipedia/commons/7/73/Flag_of_Romania.svg;3;1;237;22;6;6;3;0;7;1;1;1;1;1;0;1;red;0;0;0;0;2;0;0;1;1;1;blue;red
Rwanda;https://upload.wikimedia.org/wikipedia/commons/1/17/Flag_of_Rwanda.svg;4;2;26;5;10;5;3;0;4;1;1;0;1;0;1;0;red;0;0;0;0;0;0;0;0;0;1;red;green
San Marino;https://upload.wikimedia.org/wikipedia/commons/b/b1/Flag_of_San_Marino.svg;3;1;0;0;6;0;0;2;2;0;0;1;0;1;0;0;white;0;0;0;0;0;0;0;0;0;0;white;blue
Sao-Tome;;4;1;0;0;6;0;0;3;4;1;1;0;1;0;1;0;green;0;0;0;0;2;0;1;0;0;0;green;green
Saudi Arabia;https://commons.wikimedia.org/wiki/File:Flag_of_Saudi_Arabia.svg;5;1;2150;9;8;2;0;0;2;0;1;0;0;1;0;0;green;0;0;0;0;0;0;0;1;0;1;green;green
Senegal;https://upload.wikimedia.org/wikipedia/commons/f/fd/Flag_of_Senegal.svg;4;4;196;6;3;2;3;0;3;1;1;0;1;0;0;0;green;0;0;0;0;1;0;0;0;0;0;green;red
Seychelles;https://upload.wikimedia.org/wikipedia/commons/f/fc/Flag_of_Seychelles.svg;4;2;0;0;1;1;0;0;3;1;1;0;0;1;0;0;red;0;0;0;0;0;0;0;0;0;0;red;green
Sierra Leone;https://upload.wikimedia.org/wikipedia/commons/1/17/Flag_of_Sierra_Leone.svg;4;4;72;3;1;5;0;3;3;0;1;1;0;1;0;0;green;0;0;0;0;0;0;0;0;0;0;green;blue
Singapore;https://upload.wikimedia.org/wikipedia/commons/4/48/Flag_of_Singapore.svg;5;1;1;3;7;3;0;2;2;1;0;0;0;1;0;0;white;0;0;0;0;5;1;0;0;0;0;red;white
Soloman Islands;https://upload.wikimedia.org/wikipedia/commons/7/74/Flag_of_the_Solomon_Islands.svg;6;2;30;0;1;1;0;0;4;0;1;1;1;1;0;0;green;0;0;0;0;5;0;1;0;0;0;blue;green
Somalia;https://upload.wikimedia.org/wikipedia/commons/a/a0/Flag_of_Somalia.svg;4;1;637;5;10;2;0;0;2;0;0;1;0;1;0;0;blue;0;0;0;0;1;0;0;0;0;0;blue;blue
South Africa;https://upload.wikimedia.org/wikipedia/commons/a/af/Flag_of_South_Africa.svg;4;2;1221;29;6;1;0;3;5;1;1;1;0;1;0;1;orange;0;1;1;0;0;0;0;0;0;0;orange;blue
South Korea;https://upload.wikimedia.org/wikipedia/commons/0/09/Flag_of_South_Korea.svg;5;1;99;39;10;7;0;0;4;1;0;1;0;1;1;0;white;1;0;0;0;0;0;0;1;0;0;white;white
South-Yemen;;5;1;288;2;8;2;0;3;4;1;0;1;0;1;1;0;red;0;0;0;0;1;0;1;0;0;0;red;black
Spain;https://upload.wikimedia.org/wikipedia/commons/9/9a/Flag_of_Spain.svg;3;4;505;38;2;0;0;3;2;1;0;0;1;0;0;0;red;0;0;0;0;0;0;0;0;0;0;red;red
Sri Lanka;https://upload.wikimedia.org/wikipedia/commons/1/11/Flag_of_Sri_Lanka.svg;5;1;66;15;10;3;2;0;4;0;1;0;1;0;0;1;gold;0;0;0;0;0;0;0;1;1;0;gold;gold
Saint Helena;https://upload.wikimedia.org/wikipedia/commons/0/00/Flag_of_Saint_Helena.svg;4;3;0;0;1;1;0;0;7;1;1;1;1;1;0;1;blue;0;1;1;1;0;0;0;1;0;0;white;blue
Saint Kitts and Nevis;https://upload.wikimedia.org/wikipedia/commons/f/fe/Flag_of_Saint_Kitts_and_Nevis.svg;1;4;0;0;1;1;0;0;5;1;1;0;1;1;1;0;green;0;0;0;0;2;0;1;0;0;0;green;red
Saint Lucia;https://upload.wikimedia.org/wikipedia/commons/9/9f/Flag_of_Saint_Lucia.svg;1;4;0;0;1;1;0;0;4;0;0;1;1;1;1;0;blue;0;0;0;0;0;0;1;0;0;0;blue;blue
Saint Vincent and the Grenadines;https://upload.wikimedia.org/wikipedia/commons/6/6d/Flag_of_Saint_Vincent_and_the_Grenadines.svg;1;4;0;0;1;1;5;0;4;0;1;1;1;1;0;0;green;0;0;0;0;0;0;0;1;1;1;blue;green
Sudan;https://upload.wikimedia.org/wikipedia/commons/0/01/Flag_of_Sudan.svg;4;1;2506;20;8;2;0;3;4;1;1;0;0;1;1;0;red;0;0;0;0;0;0;1;0;0;0;red;black
Suriname;https://upload.wikimedia.org/wikipedia/commons/6/60/Flag_of_Suriname.svg;2;4;63;0;6;1;0;5;4;1;1;0;1;1;0;0;red;0;0;0;0;1;0;0;0;0;0;green;green
Swaziland;https://upload.wikimedia.org/wikipedia/commons/f/fb/Flag_of_Eswatini.svg;4;2;17;1;10;1;0;5;7;1;0;1;1;1;1;1;blue;0;0;0;0;0;0;0;1;0;0;blue;blue
Sweden;https://upload.wikimedia.org/wikipedia/commons/4/4c/Flag_of_Sweden.svg;3;1;450;8;6;1;0;0;2;0;0;1;1;0;0;0;blue;0;1;0;0;0;0;0;0;0;0;blue;blue
Switzerland;https://upload.wikimedia.org/wikipedia/commons/f/f3/Flag_of_Switzerland.svg;3;1;41;6;4;1;0;0;2;1;0;0;0;1;0;0;red;0;1;0;0;0;0;0;0;0;0;red;red
Syria;https://upload.wikimedia.org/wikipedia/commons/5/53/Flag_of_Syria.svg;5;1;185;10;8;2;0;3;4;1;1;0;0;1;1;0;red;0;0;0;0;2;0;0;0;0;0;red;black
Taiwan;https://upload.wikimedia.org/wikipedia/commons/7/72/Flag_of_the_Republic_of_China.svg;5;1;36;18;7;3;0;0;3;1;0;1;0;1;0;0;red;1;0;0;1;1;0;0;0;0;0;blue;red
Tanzania;https://upload.wikimedia.org/wikipedia/commons/3/38/Flag_of_Tanzania.svg;4;2;945;18;10;5;0;0;4;0;1;1;1;0;1;0;green;0;0;0;0;0;0;1;0;0;0;green;blue
Thailand;https://upload.wikimedia.org/wikipedia/commons/a/a9/Flag_of_Thailand.svg;5;1;514;49;10;3;0;5;3;1;0;1;0;1;0;0;red;0;0;0;0;0;0;0;0;0;0;red;red
Togo;https://upload.wikimedia.org/wikipedia/commons/6/68/Flag_of_Togo.svg;4;1;57;2;3;7;0;5;4;1;1;0;1;1;0;0;green;0;0;0;1;1;0;0;0;0;0;red;green
Tonga;https://upload.wikimedia.org/wikipedia/commons/9/9a/Flag_of_Tonga.svg;6;2;1;0;10;1;0;0;2;1;0;0;0;1;0;0;red;0;1;0;1;0;0;0;0;0;0;white;red
Trinidad and Tobago;https://upload.wikimedia.org/wikipedia/commons/6/64/Flag_of_Trinidad_and_Tobago.svg;2;4;5;1;1;1;0;0;3;1;0;0;0;1;1;0;red;0;0;0;0;0;0;1;0;0;0;white;white
Tunisia;https://upload.wikimedia.org/wikipedia/commons/c/ce/Flag_of_Tunisia.svg;4;1;164;7;8;2;0;0;2;1;0;0;0;1;0;0;red;1;0;0;0;1;1;0;0;0;0;red;red
Turkey;https://upload.wikimedia.org/wikipedia/commons/b/b4/Flag_of_Turkey.svg;5;1;781;45;9;2;0;0;2;1;0;0;0;1;0;0;red;0;0;0;0;1;1;0;0;0;0;red;red
Turks and Caicos Islands;https://upload.wikimedia.org/wikipedia/commons/a/a0/Flag_of_the_Turks_and_Caicos_Islands.svg;1;4;0;0;1;1;0;0;6;1;1;1;1;1;0;1;blue;0;1;1;1;0;0;0;1;1;0;white;blue
Tuvalu;https://upload.wikimedia.org/wikipedia/commons/3/38/Flag_of_Tuvalu.svg;6;2;0;0;1;1;0;0;5;1;0;1;1;1;0;0;blue;0;1;1;1;9;0;0;0;0;0;white;blue
United Arab Emirates;https://upload.wikimedia.org/wikipedia/commons/c/cb/Flag_of_the_United_Arab_Emirates.svg;5;1;84;1;8;2;1;3;4;1;1;0;0;1;1;0;green;0;0;0;0;0;0;0;0;0;0;red;black
Uganda;https://commons.wikimedia.org/wiki/File:Flag_of_Uganda.svg;4;1;236;13;10;5;0;6;5;1;0;0;1;1;1;0;gold;1;0;0;0;0;0;0;0;1;0;black;red
United Kingdom;https://upload.wikimedia.org/wikipedia/commons/8/83/Flag_of_the_United_Kingdom_%283-5%29.svg;3;4;245;56;1;1;0;0;3;1;0;1;0;1;0;0;red;0;1;1;0;0;0;0;0;0;0;white;red
Uruguay;https://upload.wikimedia.org/wikipedia/commons/f/fe/Flag_of_Uruguay.svg;2;3;178;3;2;0;0;9;3;0;0;1;1;1;0;0;white;0;0;0;1;1;0;0;0;0;0;white;white
United States Virgin Islands;https://upload.wikimedia.org/wikipedia/commons/f/f8/Flag_of_the_United_States_Virgin_Islands.svg;1;4;0;0;1;1;0;0;6;1;1;1;1;1;0;0;white;0;0;0;0;0;0;0;1;1;1;white;white
British Virgin Islands;https://upload.wikimedia.org/wikipedia/commons/4/42/Flag_of_the_British_Virgin_Islands.svg;1;4;0;0;1;1;0;0;6;1;1;1;1;1;0;0;white;0;0;0;0;0;0;0;1;1;1;white;white
United States of America;https://upload.wikimedia.org/wikipedia/commons/a/a4/Flag_of_the_United_States.svg;1;4;9363;231;1;1;0;13;3;1;0;1;0;1;0;0;white;0;0;0;1;50;0;0;0;0;0;blue;red
USSR;;5;1;22402;274;5;6;0;0;2;1;0;0;1;0;0;0;red;0;0;0;0;1;0;0;1;0;0;red;red
Vanuatu;https://upload.wikimedia.org/wikipedia/commons/b/bc/Flag_of_Vanuatu.svg;6;2;15;0;6;1;0;0;4;1;1;0;1;0;1;0;red;0;0;0;0;0;0;1;0;1;0;black;green
Vatican;https://upload.wikimedia.org/wikipedia/commons/0/00/Flag_of_the_Vatican_City.svg;3;1;0;0;6;0;2;0;4;1;0;0;1;1;1;0;gold;0;0;0;0;0;0;0;1;0;0;gold;white
Venezuela;https://upload.wikimedia.org/wikipedia/commons/0/06/Flag_of_Venezuela.svg;2;4;912;15;2;0;0;3;7;1;1;1;1;1;1;1;red;0;0;0;0;7;0;0;1;1;0;gold;red
Vietnam;https://upload.wikimedia.org/wikipedia/commons/2/21/Flag_of_Vietnam.svg;5;1;333;60;10;6;0;0;2;1;0;0;1;0;0;0;red;0;0;0;0;1;0;0;0;0;0;red;red
Samoa;https://upload.wikimedia.org/wikipedia/commons/3/31/Flag_of_Samoa.svg;6;3;3;0;1;1;0;0;3;1;0;1;0;1;0;0;red;0;0;0;1;5;0;0;0;0;0;blue;red
Yugoslavia;;3;1;256;22;6;6;0;3;4;1;0;1;1;1;0;0;red;0;0;0;0;1;0;0;0;0;0;blue;red
Zaire;;4;2;905;28;10;5;0;0;4;1;1;0;1;0;0;1;green;1;0;0;0;0;0;0;1;1;0;green;green
Zambia;https://upload.wikimedia.org/wikipedia/commons/0/06/Flag_of_Zambia.svg;4;2;753;6;10;5;3;0;4;1;1;0;0;0;1;1;green;0;0;0;0;0;0;0;0;1;0;green;brown
Zimbabwe;https://commons.wikimedia.org/wiki/File:Flag_of_Zimbabwe.svg;4;2;391;8;10;5;0;7;5;1;1;0;1;1;1;0;green;0;0;0;0;1;0;1;1;1;0;green;green
